123;https://agropiese.acat.online/catalogs/CARS_FOREIGN/bmw/e0bca646ee162fb4fab624934614e759/79075e015c397810d4c7eb2759ad60c4/MfCfmoA1MQ/MyPwn5qANTFfMDk2OA
X2_25dX_B47_2017_АКПП_Europa_Серия:_F39;https://tpm.acat.online/catalogs/CARS_FOREIGN/bmw/e0bca646ee162fb4fab624934614e759/79075e015c397810d4c7eb2759ad60c4
X2_25dX_B47E_2019_МКПП_Europa_Серия:_F39;https://ea.acat.online/catalogs/CARS_FOREIGN/bmw/e0bca646ee162fb4fab624934614e759/936320bb3bc414b05ba5f40ac994bf56
X2_20i_B42_2019_МКПП_Europa_Серия:_F39;https://zzap.acat.online/catalogs/CARS_FOREIGN/bmw/e0bca646ee162fb4fab624934614e759/996f1a0acb0dc59bc71713b60a8ee190
X2_20i_B48C_2019_МКПП_Europa_Серия:_F39;https://gz.acat.online/catalogs/CARS_FOREIGN/bmw/e0bca646ee162fb4fab624934614e759/a7b7d50fc3cd9b88c8a4fe1fa5f1d013
X2_20i_B48C_2018_АКПП_Europa_Серия:_F39;https://avtozapchasti102.acat.online/catalogs/CARS_FOREIGN/bmw/e0bca646ee162fb4fab624934614e759/a9146bb5f655464d8edf4b5a1508db3d
X2_18i_B38C_2017_АКПП_Europa_Серия:_F39;https://sc-3.acat.online/catalogs/CARS_FOREIGN/bmw/e0bca646ee162fb4fab624934614e759/b521e69c1cdde1c0a12a639334e1a9c4
X2_18dX_B47B_2017_МКПП_Europa_Серия:_F39;https://apex36.acat.online/catalogs/CARS_FOREIGN/bmw/e0bca646ee162fb4fab624934614e759/c396e1299b617fd0e965193290ba018c
X2_20d_B47D_2019_МКПП_Europa_Серия:_F39;https://virag.acat.online/catalogs/CARS_FOREIGN/bmw/e0bca646ee162fb4fab624934614e759/c97e28697414778c26df15323648e549
X2_20i_B42_2017_АКПП_Europa_Серия:_F39;https://avtokrepeg.acat.online/catalogs/CARS_FOREIGN/bmw/e0bca646ee162fb4fab624934614e759/d5b6a5c7678b407deb11b551e1aa9b2e
X2_20d_B47D_2018_АКПП_Europa_Серия:_F39;https://bigsto.acat.online/catalogs/CARS_FOREIGN/bmw/e0bca646ee162fb4fab624934614e759/e15edfd6f4b34b11f2c498f785d85707
X2_25dX_B47E_2018_МКПП_Europa_Серия:_F39;https://siauto.acat.online/catalogs/CARS_FOREIGN/bmw/e0bca646ee162fb4fab624934614e759/f622d96e8732589e0958796bcac14f14
X2_M35iX_2019_МКПП_Europa_Серия:_F39;https://alexauto.acat.online/catalogs/CARS_FOREIGN/bmw/e0bca646ee162fb4fab624934614e759/fc2e84fe362b0589ce0bc0f8dae7903c
X2_16d_2018_АКПП_Europa_Серия:_F39;https://inter-autoshop.acat.online/catalogs/CARS_FOREIGN/bmw/e0bca646ee162fb4fab624934614e759/fdcd55d194d1917d39d24659c792ad02
X2_20dX_B47D_2017_АКПП_Europa_Серия:_F39;https://shahs.acat.online/catalogs/CARS_FOREIGN/bmw/e0bca646ee162fb4fab624934614e759/038f236a0aca23f6b296ef8955d68b2c
X2_25iX_B46D_2018_АКПП_Europa_Серия:_F39;https://tdz-market.acat.online/catalogs/CARS_FOREIGN/bmw/e0bca646ee162fb4fab624934614e759/0c86785fcafbd7d3ccbe83f1205a9fa8
X2_18d_B47B_2017_МКПП_Europa_Серия:_F39;https://vamzapchast.acat.online/catalogs/CARS_FOREIGN/bmw/e0bca646ee162fb4fab624934614e759/119e43063f6b8b71d466932a92be1fe6
X2_20dX_B47D_2019_АКПП_Europa_Серия:_F39;https://rulimkz.acat.online/catalogs/CARS_FOREIGN/bmw/e0bca646ee162fb4fab624934614e759/181a6584b637cea2443856a514c9745d
SKODA KODIAQ 2017-2023 EUROPA;https://ea.acat.online/catalogs/CARS_FOREIGN/skoda/1f43f500c49d6c177a876a933163e1dc/1a68397725543bb1f54a1ce3e5073a52
test123;https://allparts.club/acat_catalogs/CARS_FOREIGN/skoda/1f43f500c49d6c177a876a933163e1dc/1a68397725543bb1f54a1ce3e5073a52
5555;https://evilcar.ru/acat_catalogs/CARS_FOREIGN/skoda/1f43f500c49d6c177a876a933163e1dc/10e8824e6a718790fb26169ab6f43275