SKODA KODIAQ 2017-2023 EUROPA | Cис.питания,выпуска,охлаждения | Компрессор климатической уст. | Компрессор климатической уст. 1;5Q0820803F;Компрессор климатической уст.
SKODA KODIAQ 2017-2023 EUROPA | Cис.питания,выпуска,охлаждения | Компрессор климатической уст. | Компрессор климатической уст. 1;5Q0820803K;Компрессор климатической уст.
SKODA KODIAQ 2017-2023 EUROPA | Cис.питания,выпуска,охлаждения | Компрессор климатической уст. | Компрессор климатической уст. 1;5Q0820803P;Компрессор климатической уст.
SKODA KODIAQ 2017-2023 EUROPA | Cис.питания,выпуска,охлаждения | Компрессор климатической уст. | Компрессор климатической уст. 1;5Q0820803J;Компрессор климатической уст.
SKODA KODIAQ 2017-2023 EUROPA | Cис.питания,выпуска,охлаждения | Компрессор климатической уст. | Компрессор климатической уст. 1;5Q0820803R;Компрессор климатической уст.
SKODA KODIAQ 2017-2023 EUROPA | Cис.питания,выпуска,охлаждения | Компрессор климатической уст. | Компрессор климатической уст. 1;5Q0820803N;Компрессор климатической уст.
SKODA KODIAQ 2017-2023 EUROPA | Cис.питания,выпуска,охлаждения | Компрессор климатической уст. | Компрессор климатической уст. 1;5Q0820803M;Компрессор климатической уст.
SKODA KODIAQ 2017-2023 EUROPA | Cис.питания,выпуска,охлаждения | Компрессор климатической уст. | Компрессор климатической уст. 1;5Q0820803Q;Компрессор климатической уст.
SKODA KODIAQ 2017-2023 EUROPA | Cис.питания,выпуска,охлаждения | Компрессор климатической уст. | Компрессор климатической уст. 1;5Q0816803;Компрессор климатической уст.
SKODA KODIAQ 2017-2023 EUROPA | Cис.питания,выпуска,охлаждения | Компрессор климатической уст. | Компрессор климатической уст. 1;5Q0816803D;Компрессор климатической уст.
SKODA KODIAQ 2017-2023 EUROPA | Cис.питания,выпуска,охлаждения | Компрессор климатической уст. | Компрессор климатической уст. 1;5Q0816803L;Компрессор климатической уст.
SKODA KODIAQ 2017-2023 EUROPA | Cис.питания,выпуска,охлаждения | Компрессор климатической уст. | Компрессор климатической уст. 1;5Q0816803F;Компрессор климатической уст.
SKODA KODIAQ 2017-2023 EUROPA | Cис.питания,выпуска,охлаждения | Компрессор климатической уст. | Компрессор климатической уст. 1;3Q0816803B;Компрессор климатич. установки с электромагнитной муфтой (Компрессор климатической уст.)
SKODA KODIAQ 2017-2023 EUROPA | Cис.питания,выпуска,охлаждения | Компрессор климатической уст. | Компрессор климатической уст. 1;3Q0816803B;Компрессор климатич. установки с электромагнитной муфтой (Компрессор климатической уст.)
SKODA KODIAQ 2017-2023 EUROPA | Cис.питания,выпуска,охлаждения | Компрессор климатической уст. | Компрессор климатической уст. 1;3Q0816803D;Компрессор климатич. установки с электромагнитной муфтой (Компрессор климатической уст.)
SKODA KODIAQ 2017-2023 EUROPA | Cис.питания,выпуска,охлаждения | Компрессор климатической уст. | Компрессор климатической уст. 1;3Q0816803D;Компрессор климатич. установки с электромагнитной муфтой (Компрессор климатической уст.)
SKODA KODIAQ 2017-2023 EUROPA | Cис.питания,выпуска,охлаждения | Компрессор климатической уст. | Компрессор климатической уст. 1;5Q0816803H;Компрессор климатической уст.
SKODA KODIAQ 2017-2023 EUROPA | Cис.питания,выпуска,охлаждения | Компрессор климатической уст. | Компрессор климатической уст. 1;5Q0816803K;Компрессор климатической уст.
SKODA KODIAQ 2017-2023 EUROPA | Cис.питания,выпуска,охлаждения | Компрессор климатической уст. | Компрессор климатической уст. 1;5Q0816193;Pегулирующий клапан (Компрессор климатической уст.)
SKODA KODIAQ 2017-2023 EUROPA | Cис.питания,выпуска,охлаждения | Компрессор климатической уст. | Компрессор климатической уст. 1;5Q0260839;Pегулирующий клапан (Компрессор климатической уст.)
SKODA KODIAQ 2017-2023 EUROPA | Cис.питания,выпуска,охлаждения | Компрессор климатической уст. | Компрессор климатической уст. 1;3WA820811;Электромагнитная муфта (Компрессор климатической уст.)
SKODA KODIAQ 2017-2023 EUROPA | Cис.питания,выпуска,охлаждения | Компрессор климатической уст. | Компрессор климатической уст. 1;3WA820811C;Электромагнитная муфта (Компрессор климатической уст.)
SKODA KODIAQ 2017-2023 EUROPA | Cис.питания,выпуска,охлаждения | Компрессор климатической уст. | Компрессор климатической уст. 1;03L260817;Центрирующая втулка (Компрессор климатической уст.)
SKODA KODIAQ 2017-2023 EUROPA | Cис.питания,выпуска,охлаждения | Компрессор климатической уст. | Компрессор климатической уст. 1;N 91204501;Винт с шестигранной головкой (Компрессор климатической уст.)
SKODA KODIAQ 2017-2023 EUROPA | Cис.питания,выпуска,охлаждения | Компрессор климатической уст. | Компрессор климатической уст. 1;G 052300A2;Компресс. масло к хладагенту (Поликлиновой ремень)
SKODA KODIAQ 2017-2023 EUROPA | Cис.питания,выпуска,охлаждения | Компрессор климатической уст. | Компрессор климатической уст. 1;G 052154A2;Компресс. масло к хладагенту (Поликлиновой ремень)
SKODA KODIAQ 2017-2023 EUROPA | Cис.питания,выпуска,охлаждения | Компрессор климатической уст. | Компрессор климатической уст. 1;G 055535M2;Компресс. масло к хладагенту (Поликлиновой ремень)
SKODA KODIAQ 2017-2023 EUROPA | Cис.питания,выпуска,охлаждения | Компрессор климатической уст. | Компрессор климатической уст. 1;G 052535M2;Компресс. масло к хладагенту (Поликлиновой ремень)
SKODA KODIAQ 2017-2023 EUROPA | Cис.питания,выпуска,охлаждения | Компрессор климатической уст. | Компрессор климатической уст. 2;5Q0820803F;Компрессор климатической уст.
SKODA KODIAQ 2017-2023 EUROPA | Cис.питания,выпуска,охлаждения | Компрессор климатической уст. | Компрессор климатической уст. 2;5Q0820803K;Компрессор климатической уст.
SKODA KODIAQ 2017-2023 EUROPA | Cис.питания,выпуска,охлаждения | Компрессор климатической уст. | Компрессор климатической уст. 2;5Q0820803P;Компрессор климатической уст.
SKODA KODIAQ 2017-2023 EUROPA | Cис.питания,выпуска,охлаждения | Компрессор климатической уст. | Компрессор климатической уст. 2;5Q0820803J;Компрессор климатической уст.
SKODA KODIAQ 2017-2023 EUROPA | Cис.питания,выпуска,охлаждения | Компрессор климатической уст. | Компрессор климатической уст. 2;5Q0820803R;Компрессор климатической уст.
SKODA KODIAQ 2017-2023 EUROPA | Cис.питания,выпуска,охлаждения | Компрессор климатической уст. | Компрессор климатической уст. 2;5Q0820803N;Компрессор климатической уст.
SKODA KODIAQ 2017-2023 EUROPA | Cис.питания,выпуска,охлаждения | Компрессор климатической уст. | Компрессор климатической уст. 2;5Q0820803M;Компрессор климатической уст.
SKODA KODIAQ 2017-2023 EUROPA | Cис.питания,выпуска,охлаждения | Компрессор климатической уст. | Компрессор климатической уст. 2;5Q0820803Q;Компрессор климатической уст.
SKODA KODIAQ 2017-2023 EUROPA | Cис.питания,выпуска,охлаждения | Компрессор климатической уст. | Компрессор климатической уст. 2;5Q0816803;Компрессор климатической уст.
SKODA KODIAQ 2017-2023 EUROPA | Cис.питания,выпуска,охлаждения | Компрессор климатической уст. | Компрессор климатической уст. 2;5Q0816803D;Компрессор климатической уст.
SKODA KODIAQ 2017-2023 EUROPA | Cис.питания,выпуска,охлаждения | Компрессор климатической уст. | Компрессор климатической уст. 2;5Q0816803L;Компрессор климатической уст.
SKODA KODIAQ 2017-2023 EUROPA | Cис.питания,выпуска,охлаждения | Компрессор климатической уст. | Компрессор климатической уст. 2;5Q0816803F;Компрессор климатической уст.
SKODA KODIAQ 2017-2023 EUROPA | Cис.питания,выпуска,охлаждения | Компрессор климатической уст. | Компрессор климатической уст. 2;5Q0816803H;Компрессор климатической уст.
SKODA KODIAQ 2017-2023 EUROPA | Cис.питания,выпуска,охлаждения | Компрессор климатической уст. | Компрессор климатической уст. 2;5Q0816803K;Компрессор климатической уст.
SKODA KODIAQ 2017-2023 EUROPA | Cис.питания,выпуска,охлаждения | Компрессор климатической уст. | Компрессор климатической уст. 2;3Q0816803B;Компрессор климатич. установки с электромагнитной муфтой (Компрессор климатической уст.)
SKODA KODIAQ 2017-2023 EUROPA | Cис.питания,выпуска,охлаждения | Компрессор климатической уст. | Компрессор климатической уст. 2;3Q0816803D;Компрессор климатич. установки с электромагнитной муфтой (Компрессор климатической уст.)
SKODA KODIAQ 2017-2023 EUROPA | Cис.питания,выпуска,охлаждения | Компрессор климатической уст. | Компрессор климатической уст. 2;5Q0816193;Pегулирующий клапан (Компрессор климатической уст.)
SKODA KODIAQ 2017-2023 EUROPA | Cис.питания,выпуска,охлаждения | Компрессор климатической уст. | Компрессор климатической уст. 2;5Q0260839;Pегулирующий клапан (Компрессор климатической уст.)
SKODA KODIAQ 2017-2023 EUROPA | Cис.питания,выпуска,охлаждения | Компрессор климатической уст. | Компрессор климатической уст. 2;3WA820811;Электромагнитная муфта (Компрессор климатической уст.)
SKODA KODIAQ 2017-2023 EUROPA | Cис.питания,выпуска,охлаждения | Компрессор климатической уст. | Компрессор климатической уст. 2;3WA820811C;Электромагнитная муфта (Компрессор климатической уст.)
SKODA KODIAQ 2017-2023 EUROPA | Cис.питания,выпуска,охлаждения | Компрессор климатической уст. | Компрессор климатической уст. 2;03L260817;Центрирующая втулка (Компрессор климатической уст.)
SKODA KODIAQ 2017-2023 EUROPA | Cис.питания,выпуска,охлаждения | Компрессор климатической уст. | Компрессор климатической уст. 2;N 91204501;Винт с шестигранной головкой (Компрессор климатической уст.)
SKODA KODIAQ 2017-2023 EUROPA | Cис.питания,выпуска,охлаждения | Компрессор климатической уст. | Компрессор климатической уст. 2;G 052300A2;Компресс. масло к хладагенту (Поликлиновой ремень)
SKODA KODIAQ 2017-2023 EUROPA | Cис.питания,выпуска,охлаждения | Компрессор климатической уст. | Компрессор климатической уст. 2;G 052154A2;Компресс. масло к хладагенту (Поликлиновой ремень)
SKODA KODIAQ 2017-2023 EUROPA | Cис.питания,выпуска,охлаждения | Компрессор климатической уст. | Компрессор климатической уст. 2;G 055535M2;Компресс. масло к хладагенту (Поликлиновой ремень)
SKODA KODIAQ 2017-2023 EUROPA | Cис.питания,выпуска,охлаждения | Компрессор климатической уст. | Компрессор климатической уст. 2;G 052535M2;Компресс. масло к хладагенту (Поликлиновой ремень)
SKODA KODIAQ 2017-2023 EUROPA | Cис.питания,выпуска,охлаждения | Конденсатор климат.установки;5Q0816411BH;Конденсатор климат.установки с ресивером жидкого хладагента
SKODA KODIAQ 2017-2023 EUROPA | Cис.питания,выпуска,охлаждения | Конденсатор климат.установки;5Q0816411AR;Конденсатор климат.установки с ресивером жидкого хладагента
SKODA KODIAQ 2017-2023 EUROPA | Cис.питания,выпуска,охлаждения | Конденсатор климат.установки;5Q0816411BC;Конденсатор климат.установки с ресивером жидкого хладагента
SKODA KODIAQ 2017-2023 EUROPA | Cис.питания,выпуска,охлаждения | Конденсатор климат.установки;5WA816411A;Конденсатор климат.установки с ресивером жидкого хладагента
SKODA KODIAQ 2017-2023 EUROPA | Cис.питания,выпуска,охлаждения | Конденсатор климат.установки;5Q0298403A;Вставка осушителя с крепежом
SKODA KODIAQ 2017-2023 EUROPA | Cис.питания,выпуска,охлаждения | Конденсатор климат.установки;5Q0298403B;Вставка осушителя с крепежом
SKODA KODIAQ 2017-2023 EUROPA | Cис.питания,выпуска,охлаждения | Конденсатор климат.установки;5Q0298403C;Вставка осушителя с крепежом
SKODA KODIAQ 2017-2023 EUROPA | Cис.питания,выпуска,охлаждения | Конденсатор климат.установки;5Q0298403D;Вставка осушителя с крепежом
SKODA KODIAQ 2017-2023 EUROPA | Cис.питания,выпуска,охлаждения | Конденсатор климат.установки;5Q0298403F;Вставка осушителя с крепежом
SKODA KODIAQ 2017-2023 EUROPA | Cис.питания,выпуска,охлаждения | Конденсатор климат.установки;5QF816721E;Трубопровод хладагента (Компрессор климатической уст.)
SKODA KODIAQ 2017-2023 EUROPA | Cис.питания,выпуска,охлаждения | Конденсатор климат.установки;5QF816721G;Трубопровод хладагента (Компрессор климатической уст.)
SKODA KODIAQ 2017-2023 EUROPA | Cис.питания,выпуска,охлаждения | Конденсатор климат.установки;5QF816721H;Трубопровод хладагента (Компрессор климатической уст.)
SKODA KODIAQ 2017-2023 EUROPA | Cис.питания,выпуска,охлаждения | Конденсатор климат.установки;5QF816721H;Трубопровод хладагента (Компрессор климатической уст.)
SKODA KODIAQ 2017-2023 EUROPA | Cис.питания,выпуска,охлаждения | Конденсатор климат.установки;5QF816721J;Трубопровод хладагента (Компрессор климатической уст.)
SKODA KODIAQ 2017-2023 EUROPA | Cис.питания,выпуска,охлаждения | Конденсатор климат.установки;5QF816721L;Трубопровод хладагента (Компрессор климатической уст.)
SKODA KODIAQ 2017-2023 EUROPA | Cис.питания,выпуска,охлаждения | Конденсатор климат.установки;5QF816721M;Трубопровод хладагента (Компрессор климатической уст.)
SKODA KODIAQ 2017-2023 EUROPA | Cис.питания,выпуска,охлаждения | Конденсатор климат.установки;5QF816721N;Трубопровод хладагента (Компрессор климатической уст.)
SKODA KODIAQ 2017-2023 EUROPA | Cис.питания,выпуска,охлаждения | Конденсатор климат.установки;5QF816721S;Трубопровод хладагента (Компрессор климатической уст.)
SKODA KODIAQ 2017-2023 EUROPA | Cис.питания,выпуска,охлаждения | Конденсатор климат.установки;5QF816721S;Трубопровод хладагента (Компрессор климатической уст.)
SKODA KODIAQ 2017-2023 EUROPA | Cис.питания,выпуска,охлаждения | Конденсатор климат.установки;5QF816721S;Трубопровод хладагента (Компрессор климатической уст.)
SKODA KODIAQ 2017-2023 EUROPA | Cис.питания,выпуска,охлаждения | Конденсатор климат.установки;5QF816721S;Трубопровод хладагента (Компрессор климатической уст.)
SKODA KODIAQ 2017-2023 EUROPA | Cис.питания,выпуска,охлаждения | Конденсатор климат.установки;5QF816721T;Трубопровод хладагента (Компрессор климатической уст.)
SKODA KODIAQ 2017-2023 EUROPA | Cис.питания,выпуска,охлаждения | Конденсатор климат.установки;5QF816721AR;Трубопровод хладагента (Компрессор климатической уст.)
SKODA KODIAQ 2017-2023 EUROPA | Cис.питания,выпуска,охлаждения | Конденсатор климат.установки;5QF816721AS;Трубопровод хладагента (Компрессор климатической уст.)
SKODA KODIAQ 2017-2023 EUROPA | Cис.питания,выпуска,охлаждения | Конденсатор климат.установки;5QF816721AS;Трубопровод хладагента (Компрессор климатической уст.)
SKODA KODIAQ 2017-2023 EUROPA | Cис.питания,выпуска,охлаждения | Конденсатор климат.установки;5QF816721AS;Трубопровод хладагента (Компрессор климатической уст.)
SKODA KODIAQ 2017-2023 EUROPA | Cис.питания,выпуска,охлаждения | Конденсатор климат.установки;5QF816721AA;Трубопровод хладагента (Компрессор климатической уст.)
SKODA KODIAQ 2017-2023 EUROPA | Cис.питания,выпуска,охлаждения | Конденсатор климат.установки;5QF816721AA;Трубопровод хладагента (Компрессор климатической уст.)
SKODA KODIAQ 2017-2023 EUROPA | Cис.питания,выпуска,охлаждения | Конденсатор климат.установки;5QF816721AA;Трубопровод хладагента (Компрессор климатической уст.)
SKODA KODIAQ 2017-2023 EUROPA | Cис.питания,выпуска,охлаждения | Конденсатор климат.установки;5QF816721AB;Трубопровод хладагента (Компрессор климатической уст.)
SKODA KODIAQ 2017-2023 EUROPA | Cис.питания,выпуска,охлаждения | Конденсатор климат.установки;5QF816721AA;Трубопровод хладагента (Компрессор климатической уст.)
SKODA KODIAQ 2017-2023 EUROPA | Cис.питания,выпуска,охлаждения | Конденсатор климат.установки;5QF816721AK;Трубопровод хладагента (Компрессор климатической уст.)
SKODA KODIAQ 2017-2023 EUROPA | Cис.питания,выпуска,охлаждения | Конденсатор климат.установки;5QF816721AL;Трубопровод хладагента (Компрессор климатической уст.)
SKODA KODIAQ 2017-2023 EUROPA | Cис.питания,выпуска,охлаждения | Конденсатор климат.установки;5QF816721AL;Трубопровод хладагента (Компрессор климатической уст.)
SKODA KODIAQ 2017-2023 EUROPA | Cис.питания,выпуска,охлаждения | Конденсатор климат.установки;5QF816721AL;Трубопровод хладагента (Компрессор климатической уст.)
SKODA KODIAQ 2017-2023 EUROPA | Cис.питания,выпуска,охлаждения | Конденсатор климат.установки;5QF816721AN;Трубопровод хладагента (Компрессор климатической уст.)
SKODA KODIAQ 2017-2023 EUROPA | Cис.питания,выпуска,охлаждения | Конденсатор климат.установки;5QF816721BC;Трубопровод хладагента (Компрессор климатической уст.)
SKODA KODIAQ 2017-2023 EUROPA | Cис.питания,выпуска,охлаждения | Конденсатор климат.установки;3D0260749C;Манжетное уплотнение (Компрессор климатической уст.)
SKODA KODIAQ 2017-2023 EUROPA | Cис.питания,выпуска,охлаждения | Конденсатор климат.установки;4E0260749A;Манжетное уплотнение (Компрессор климатической уст.)
SKODA KODIAQ 2017-2023 EUROPA | Cис.питания,выпуска,охлаждения | Конденсатор климат.установки;N 10414402;Винт с цилиндрической головкой с внутренним шестигранником (Компрессор климатической уст.)
SKODA KODIAQ 2017-2023 EUROPA | Cис.питания,выпуска,охлаждения | Конденсатор климат.установки;N 10347103;Винт с цил. скругл. головкой Torx (с шайбой) (Компрессор климатической уст.)
SKODA KODIAQ 2017-2023 EUROPA | Cис.питания,выпуска,охлаждения | Конденсатор климат.установки;5QF816741A;Трубопровод хладагента (Компрессор климатической уст.)
SKODA KODIAQ 2017-2023 EUROPA | Cис.питания,выпуска,охлаждения | Конденсатор климат.установки;5QF816741A;Трубопровод хладагента (Компрессор климатической уст.)
SKODA KODIAQ 2017-2023 EUROPA | Cис.питания,выпуска,охлаждения | Конденсатор климат.установки;5QF816741B;Трубопровод хладагента (Компрессор климатической уст.)
SKODA KODIAQ 2017-2023 EUROPA | Cис.питания,выпуска,охлаждения | Конденсатор климат.установки;5QF816741B;Трубопровод хладагента (Компрессор климатической уст.)
SKODA KODIAQ 2017-2023 EUROPA | Cис.питания,выпуска,охлаждения | Конденсатор климат.установки;5QF816741B;Трубопровод хладагента (Компрессор климатической уст.)
SKODA KODIAQ 2017-2023 EUROPA | Cис.питания,выпуска,охлаждения | Конденсатор климат.установки;5QF816741B;Трубопровод хладагента (Компрессор климатической уст.)
SKODA KODIAQ 2017-2023 EUROPA | Cис.питания,выпуска,охлаждения | Конденсатор климат.установки;5QF816741C;Трубопровод хладагента (Компрессор климатической уст.)
SKODA KODIAQ 2017-2023 EUROPA | Cис.питания,выпуска,охлаждения | Конденсатор климат.установки;5QF816741D;Трубопровод хладагента (Компрессор климатической уст.)
SKODA KODIAQ 2017-2023 EUROPA | Cис.питания,выпуска,охлаждения | Конденсатор климат.установки;5QF816741D;Трубопровод хладагента (Компрессор климатической уст.)
SKODA KODIAQ 2017-2023 EUROPA | Cис.питания,выпуска,охлаждения | Конденсатор климат.установки;5QF816741E;Трубопровод хладагента (Компрессор климатической уст.)
SKODA KODIAQ 2017-2023 EUROPA | Cис.питания,выпуска,охлаждения | Конденсатор климат.установки;5QF816741E;Трубопровод хладагента (Компрессор климатической уст.)
SKODA KODIAQ 2017-2023 EUROPA | Cис.питания,выпуска,охлаждения | Конденсатор климат.установки;5QF816741E;Трубопровод хладагента (Компрессор климатической уст.)
SKODA KODIAQ 2017-2023 EUROPA | Cис.питания,выпуска,охлаждения | Конденсатор климат.установки;5QF816741E;Трубопровод хладагента (Компрессор климатической уст.)
SKODA KODIAQ 2017-2023 EUROPA | Cис.питания,выпуска,охлаждения | Конденсатор климат.установки;5QF816741E;Трубопровод хладагента (Компрессор климатической уст.)
SKODA KODIAQ 2017-2023 EUROPA | Cис.питания,выпуска,охлаждения | Конденсатор климат.установки;5QF816741E;Трубопровод хладагента (Компрессор климатической уст.)
SKODA KODIAQ 2017-2023 EUROPA | Cис.питания,выпуска,охлаждения | Конденсатор климат.установки;5QF816741E;Трубопровод хладагента (Компрессор климатической уст.)
SKODA KODIAQ 2017-2023 EUROPA | Cис.питания,выпуска,охлаждения | Конденсатор климат.установки;5QF816741E;Трубопровод хладагента (Компрессор климатической уст.)
SKODA KODIAQ 2017-2023 EUROPA | Cис.питания,выпуска,охлаждения | Конденсатор климат.установки;5QF816741E;Трубопровод хладагента (Компрессор климатической уст.)
SKODA KODIAQ 2017-2023 EUROPA | Cис.питания,выпуска,охлаждения | Конденсатор климат.установки;5QF816741E;Трубопровод хладагента (Компрессор климатической уст.)
SKODA KODIAQ 2017-2023 EUROPA | Cис.питания,выпуска,охлаждения | Конденсатор климат.установки;5QF820741J;Трубопровод хладагента (Компрессор климатической уст.)
SKODA KODIAQ 2017-2023 EUROPA | Cис.питания,выпуска,охлаждения | Конденсатор климат.установки;5QF820741J;Трубопровод хладагента (Компрессор климатической уст.)
SKODA KODIAQ 2017-2023 EUROPA | Cис.питания,выпуска,охлаждения | Конденсатор климат.установки;5QF820741K;Трубопровод хладагента (Компрессор климатической уст.)
SKODA KODIAQ 2017-2023 EUROPA | Cис.питания,выпуска,охлаждения | Конденсатор климат.установки;5QF820741K;Трубопровод хладагента (Компрессор климатической уст.)
SKODA KODIAQ 2017-2023 EUROPA | Cис.питания,выпуска,охлаждения | Конденсатор климат.установки;5QF820741L;Трубопровод хладагента (Компрессор климатической уст.)
SKODA KODIAQ 2017-2023 EUROPA | Cис.питания,выпуска,охлаждения | Конденсатор климат.установки;5QF820741M;Трубопровод хладагента (Компрессор климатической уст.)
SKODA KODIAQ 2017-2023 EUROPA | Cис.питания,выпуска,охлаждения | Конденсатор климат.установки;5QF820741N;Трубопровод хладагента (Компрессор климатической уст.)
SKODA KODIAQ 2017-2023 EUROPA | Cис.питания,выпуска,охлаждения | Конденсатор климат.установки;5QF820741N;Трубопровод хладагента (Компрессор климатической уст.)
SKODA KODIAQ 2017-2023 EUROPA | Cис.питания,выпуска,охлаждения | Конденсатор климат.установки;5QF820741N;Трубопровод хладагента (Компрессор климатической уст.)
SKODA KODIAQ 2017-2023 EUROPA | Cис.питания,выпуска,охлаждения | Конденсатор климат.установки;5QF820741N;Трубопровод хладагента (Компрессор климатической уст.)
SKODA KODIAQ 2017-2023 EUROPA | Cис.питания,выпуска,охлаждения | Конденсатор климат.установки;5QF820741N;Трубопровод хладагента (Компрессор климатической уст.)
SKODA KODIAQ 2017-2023 EUROPA | Cис.питания,выпуска,охлаждения | Конденсатор климат.установки;5QF820741N;Трубопровод хладагента (Компрессор климатической уст.)
SKODA KODIAQ 2017-2023 EUROPA | Cис.питания,выпуска,охлаждения | Конденсатор климат.установки;5QF820741N;Трубопровод хладагента (Компрессор климатической уст.)
SKODA KODIAQ 2017-2023 EUROPA | Cис.питания,выпуска,охлаждения | Конденсатор климат.установки;5QF820741N;Трубопровод хладагента (Компрессор климатической уст.)
SKODA KODIAQ 2017-2023 EUROPA | Cис.питания,выпуска,охлаждения | Конденсатор климат.установки;5QF820741N;Трубопровод хладагента (Компрессор климатической уст.)
SKODA KODIAQ 2017-2023 EUROPA | Cис.питания,выпуска,охлаждения | Конденсатор климат.установки;8E0820855;Золотник (Компрессор климатической уст.)
SKODA KODIAQ 2017-2023 EUROPA | Cис.питания,выпуска,охлаждения | Конденсатор климат.установки;3D0820855A;Золотник (Компрессор климатической уст.)
SKODA KODIAQ 2017-2023 EUROPA | Cис.питания,выпуска,охлаждения | Конденсатор климат.установки;3C0820581;Колпачок (Компрессор климатической уст.)
SKODA KODIAQ 2017-2023 EUROPA | Cис.питания,выпуска,охлаждения | Конденсатор климат.установки;3D0820581;Колпачок (Компрессор климатической уст.)
SKODA KODIAQ 2017-2023 EUROPA | Cис.питания,выпуска,охлаждения | Конденсатор климат.установки;5Q0816581;Колпачок (Компрессор климатической уст.)
SKODA KODIAQ 2017-2023 EUROPA | Cис.питания,выпуска,охлаждения | Конденсатор климат.установки;5Q0816581A;Уплотнительная манжета (Компрессор климатической уст.)
SKODA KODIAQ 2017-2023 EUROPA | Cис.питания,выпуска,охлаждения | Конденсатор климат.установки;8A0820855AA;Клапан (Компрессор климатической уст.)
SKODA KODIAQ 2017-2023 EUROPA | Cис.питания,выпуска,охлаждения | Конденсатор климат.установки;7H0820896;Уплотнительное кольцо (Компрессор климатической уст.)
SKODA KODIAQ 2017-2023 EUROPA | Cис.питания,выпуска,охлаждения | Конденсатор климат.установки;5Q0959126A;Датчик давления (Компрессор климатической уст.)
SKODA KODIAQ 2017-2023 EUROPA | Cис.питания,выпуска,охлаждения | Конденсатор климат.установки;4H0959126B;Датчик давления (Компрессор климатической уст.)
SKODA KODIAQ 2017-2023 EUROPA | Cис.питания,выпуска,охлаждения | Конденсатор климат.установки;4H0959126C;Датчик давления (Компрессор климатической уст.)
SKODA KODIAQ 2017-2023 EUROPA | Cис.питания,выпуска,охлаждения | Конденсатор климат.установки;4D0260749B;Манжетное уплотнение (Компрессор климатической уст.)
SKODA KODIAQ 2017-2023 EUROPA | Cис.питания,выпуска,охлаждения | Конденсатор климат.установки;N 10347103;Винт с цил. скругл. головкой Torx (с шайбой) (Компрессор климатической уст.)
SKODA KODIAQ 2017-2023 EUROPA | Cис.питания,выпуска,охлаждения | Конденсатор климат.установки;5QF816743;Трубопровод хладагента (Компрессор климатической уст.)
SKODA KODIAQ 2017-2023 EUROPA | Cис.питания,выпуска,охлаждения | Конденсатор климат.установки;5QF816743A;Трубопровод хладагента (Компрессор климатической уст.)
SKODA KODIAQ 2017-2023 EUROPA | Cис.питания,выпуска,охлаждения | Конденсатор климат.установки;5QF816743B;Трубопровод хладагента (Компрессор климатической уст.)
SKODA KODIAQ 2017-2023 EUROPA | Cис.питания,выпуска,охлаждения | Конденсатор климат.установки;5QF816743C;Трубопровод хладагента (Компрессор климатической уст.)
SKODA KODIAQ 2017-2023 EUROPA | Cис.питания,выпуска,охлаждения | Конденсатор климат.установки;5QF816743D;Трубопровод хладагента (Компрессор климатической уст.)
SKODA KODIAQ 2017-2023 EUROPA | Cис.питания,выпуска,охлаждения | Конденсатор климат.установки;5QF816743F;Трубопровод хладагента (Компрессор климатической уст.)
SKODA KODIAQ 2017-2023 EUROPA | Cис.питания,выпуска,охлаждения | Конденсатор климат.установки;5QF816743N;Трубопровод хладагента (Компрессор климатической уст.)
SKODA KODIAQ 2017-2023 EUROPA | Cис.питания,выпуска,охлаждения | Конденсатор климат.установки;5QF816743AA;Трубопровод хладагента (Компрессор климатической уст.)
SKODA KODIAQ 2017-2023 EUROPA | Cис.питания,выпуска,охлаждения | Конденсатор климат.установки;5QF816743AB;Трубопровод хладагента (Компрессор климатической уст.)
SKODA KODIAQ 2017-2023 EUROPA | Cис.питания,выпуска,охлаждения | Конденсатор климат.установки;5QF816743AD;Трубопровод хладагента (Компрессор климатической уст.)
SKODA KODIAQ 2017-2023 EUROPA | Cис.питания,выпуска,охлаждения | Конденсатор климат.установки;5WA816743B;Трубопровод хладагента (Компрессор климатической уст.)
SKODA KODIAQ 2017-2023 EUROPA | Cис.питания,выпуска,охлаждения | Конденсатор климат.установки;5QF820743;Трубопровод хладагента (Компрессор климатической уст.)
SKODA KODIAQ 2017-2023 EUROPA | Cис.питания,выпуска,охлаждения | Конденсатор климат.установки;5QF820743A;Трубопровод хладагента (Компрессор климатической уст.)
SKODA KODIAQ 2017-2023 EUROPA | Cис.питания,выпуска,охлаждения | Конденсатор климат.установки;5QF820743B;Трубопровод хладагента (Компрессор климатической уст.)
SKODA KODIAQ 2017-2023 EUROPA | Cис.питания,выпуска,охлаждения | Конденсатор климат.установки;5QF820743C;Трубопровод хладагента (Компрессор климатической уст.)
SKODA KODIAQ 2017-2023 EUROPA | Cис.питания,выпуска,охлаждения | Конденсатор климат.установки;5QF820743D;Трубопровод хладагента (Компрессор климатической уст.)
SKODA KODIAQ 2017-2023 EUROPA | Cис.питания,выпуска,охлаждения | Конденсатор климат.установки;5QF820743F;Трубопровод хладагента (Компрессор климатической уст.)
SKODA KODIAQ 2017-2023 EUROPA | Cис.питания,выпуска,охлаждения | Конденсатор климат.установки;5QF820743R;Трубопровод хладагента (Компрессор климатической уст.)
SKODA KODIAQ 2017-2023 EUROPA | Cис.питания,выпуска,охлаждения | Конденсатор климат.установки;8E0820855;Золотник (Компрессор климатической уст.)
SKODA KODIAQ 2017-2023 EUROPA | Cис.питания,выпуска,охлаждения | Конденсатор климат.установки;3D0820855A;Золотник (Компрессор климатической уст.)
SKODA KODIAQ 2017-2023 EUROPA | Cис.питания,выпуска,охлаждения | Конденсатор климат.установки;3C0820231;Колпачок (Компрессор климатической уст.)
SKODA KODIAQ 2017-2023 EUROPA | Cис.питания,выпуска,охлаждения | Конденсатор климат.установки;5Q0816231;Колпачок (Компрессор климатической уст.)
SKODA KODIAQ 2017-2023 EUROPA | Cис.питания,выпуска,охлаждения | Конденсатор климат.установки;8E0260749C;Манжетное уплотнение (Компрессор климатической уст.)
SKODA KODIAQ 2017-2023 EUROPA | Cис.питания,выпуска,охлаждения | Конденсатор климат.установки;5Q0820899;Инерционный демпфер
SKODA KODIAQ 2017-2023 EUROPA | Cис.питания,выпуска,охлаждения | Конденсатор климат.установки;WHT003121;Винт с цилиндрической головкой с внутренним шестигранником (Винт с цилиндрической головкой)
SKODA KODIAQ 2017-2023 EUROPA | Cис.питания,выпуска,охлаждения | Конденсатор климат.установки;N 10414402;Винт с цилиндрической головкой с внутренним шестигранником (Винт с цилиндрической головкой)
SKODA KODIAQ 2017-2023 EUROPA | Cис.питания,выпуска,охлаждения | Конденсатор климат.установки;5Q0820769;Ходовой винт (Винт с цилиндрической головкой)
SKODA KODIAQ 2017-2023 EUROPA | Cис.питания,выпуска,охлаждения | Конденсатор климат.установки;5Q0820774;Двойной хомут (Винт с цилиндрической головкой)
SKODA KODIAQ 2017-2023 EUROPA | Cис.питания,выпуска,охлаждения | Конденсатор климат.установки;5QB816738;Магистраль хладагента с внутренним теплообменником (Винт с цилиндрической головкой)
SKODA KODIAQ 2017-2023 EUROPA | Cис.питания,выпуска,охлаждения | Конденсатор климат.установки;5QB816738B;Магистраль хладагента с внутренним теплообменником (Винт с цилиндрической головкой)
SKODA KODIAQ 2017-2023 EUROPA | Cис.питания,выпуска,охлаждения | Конденсатор климат.установки;5QB816738A;Магистраль хладагента с внутренним теплообменником (Винт с цилиндрической головкой)
SKODA KODIAQ 2017-2023 EUROPA | Cис.питания,выпуска,охлаждения | Конденсатор климат.установки;5QB816738D;Магистраль хладагента с внутренним теплообменником (Винт с цилиндрической головкой)
SKODA KODIAQ 2017-2023 EUROPA | Cис.питания,выпуска,охлаждения | Конденсатор климат.установки;5QC816738;Магистраль хладагента с внутренним теплообменником (Винт с цилиндрической головкой)
SKODA KODIAQ 2017-2023 EUROPA | Cис.питания,выпуска,охлаждения | Конденсатор климат.установки;5QC816738B;Магистраль хладагента с внутренним теплообменником (Винт с цилиндрической головкой)
SKODA KODIAQ 2017-2023 EUROPA | Cис.питания,выпуска,охлаждения | Конденсатор климат.установки;5QC816738A;Магистраль хладагента с внутренним теплообменником (Винт с цилиндрической головкой)
SKODA KODIAQ 2017-2023 EUROPA | Cис.питания,выпуска,охлаждения | Конденсатор климат.установки;5QC816738C;Магистраль хладагента с внутренним теплообменником (Винт с цилиндрической головкой)
SKODA KODIAQ 2017-2023 EUROPA | Cис.питания,выпуска,охлаждения | Конденсатор климат.установки;4D0260749B;Манжетное уплотнение (Винт с цилиндрической головкой)
SKODA KODIAQ 2017-2023 EUROPA | Cис.питания,выпуска,охлаждения | Конденсатор климат.установки;4E0260749B;Манжетное уплотнение (Винт с цилиндрической головкой)
SKODA KODIAQ 2017-2023 EUROPA | Cис.питания,выпуска,охлаждения | Конденсатор климат.установки;N 01508210;Шестигранная гайка с буртиком (Винт с цилиндрической головкой)
SKODA KODIAQ 2017-2023 EUROPA | Cис.питания,выпуска,охлаждения | Конденсатор климат.установки;N 91096801;Винт с плоской головкой и внутренним Torx (Винт с цилиндрической головкой)
SKODA KODIAQ 2017-2023 EUROPA | Cис.питания,выпуска,охлаждения | Передний глушитель | Передний глушитель 1;565253181S;Средний глушитель с задним глушителем (Передний глушитель)
SKODA KODIAQ 2017-2023 EUROPA | Cис.питания,выпуска,охлаждения | Передний глушитель | Передний глушитель 1;5QF253209J;Передний глушитель
SKODA KODIAQ 2017-2023 EUROPA | Cис.питания,выпуска,охлаждения | Передний глушитель | Передний глушитель 1;565253609A;Задний глушитель (Передний глушитель)
SKODA KODIAQ 2017-2023 EUROPA | Cис.питания,выпуска,охлаждения | Передний глушитель | Передний глушитель 1;1K0253141S;Двойной хомут (Передний глушитель)
SKODA KODIAQ 2017-2023 EUROPA | Cис.питания,выпуска,охлаждения | Передний глушитель | Передний глушитель 1;1K0253141R;Двойной хомут (Передний глушитель)
SKODA KODIAQ 2017-2023 EUROPA | Cис.питания,выпуска,охлаждения | Передний глушитель | Передний глушитель 1;5Q0253144AE;Кронштейн системы выпуска ОГ (Передний глушитель)
SKODA KODIAQ 2017-2023 EUROPA | Cис.питания,выпуска,охлаждения | Передний глушитель | Передний глушитель 1;1K0253147F;Фиксирующее кольцо (Передний глушитель)
SKODA KODIAQ 2017-2023 EUROPA | Cис.питания,выпуска,охлаждения | Передний глушитель | Передний глушитель 1;N 0195307;Винт с 6-гр.головк.с буртиком (Передний глушитель)
SKODA KODIAQ 2017-2023 EUROPA | Cис.питания,выпуска,охлаждения | Передний глушитель | Передний глушитель 1;5Q0253144E;Кронштейн системы выпуска ОГ (Передний глушитель)
SKODA KODIAQ 2017-2023 EUROPA | Cис.питания,выпуска,охлаждения | Передний глушитель | Передний глушитель 1;4E0253147K;Фиксирующее кольцо (Передний глушитель)
SKODA KODIAQ 2017-2023 EUROPA | Cис.питания,выпуска,охлаждения | Передний глушитель | Передний глушитель 1;N 0195307;Винт с 6-гр.головк.с буртиком (Передний глушитель)
SKODA KODIAQ 2017-2023 EUROPA | Cис.питания,выпуска,охлаждения | Передний глушитель | Передний глушитель 2;565253181AD;Средний глушитель с задним глушителем (Передний глушитель)
SKODA KODIAQ 2017-2023 EUROPA | Cис.питания,выпуска,охлаждения | Передний глушитель | Передний глушитель 2;565253181AS;Средний глушитель с задним глушителем (Передний глушитель)
SKODA KODIAQ 2017-2023 EUROPA | Cис.питания,выпуска,охлаждения | Передний глушитель | Передний глушитель 2;565253181AK;Пром. труба с задним глушителем (Передний глушитель)
SKODA KODIAQ 2017-2023 EUROPA | Cис.питания,выпуска,охлаждения | Передний глушитель | Передний глушитель 2;565253181AT;Пром. труба с задним глушителем (Передний глушитель)
SKODA KODIAQ 2017-2023 EUROPA | Cис.питания,выпуска,охлаждения | Передний глушитель | Передний глушитель 2;5QF253209L;Передний глушитель
SKODA KODIAQ 2017-2023 EUROPA | Cис.питания,выпуска,охлаждения | Передний глушитель | Передний глушитель 2;5QF253209M;Передний глушитель
SKODA KODIAQ 2017-2023 EUROPA | Cис.питания,выпуска,охлаждения | Передний глушитель | Передний глушитель 2;5QF253209K;Передний глушитель
SKODA KODIAQ 2017-2023 EUROPA | Cис.питания,выпуска,охлаждения | Передний глушитель | Передний глушитель 2;5QF253209M;Передний глушитель
SKODA KODIAQ 2017-2023 EUROPA | Cис.питания,выпуска,охлаждения | Передний глушитель | Передний глушитель 2;565253609B;Задний глушитель (Передний глушитель)
SKODA KODIAQ 2017-2023 EUROPA | Cис.питания,выпуска,охлаждения | Передний глушитель | Передний глушитель 2;565253609C;Задний глушитель (Передний глушитель)
SKODA KODIAQ 2017-2023 EUROPA | Cис.питания,выпуска,охлаждения | Передний глушитель | Передний глушитель 2;1K0253141S;Двойной хомут (Передний глушитель)
SKODA KODIAQ 2017-2023 EUROPA | Cис.питания,выпуска,охлаждения | Передний глушитель | Передний глушитель 2;1K0253141S;Двойной хомут (Передний глушитель)
SKODA KODIAQ 2017-2023 EUROPA | Cис.питания,выпуска,охлаждения | Передний глушитель | Передний глушитель 2;5Q0253144AE;Кронштейн системы выпуска ОГ (Передний глушитель)
SKODA KODIAQ 2017-2023 EUROPA | Cис.питания,выпуска,охлаждения | Передний глушитель | Передний глушитель 2;1K0253147F;Фиксирующее кольцо (Передний глушитель)
SKODA KODIAQ 2017-2023 EUROPA | Cис.питания,выпуска,охлаждения | Передний глушитель | Передний глушитель 2;N 0195307;Винт с 6-гр.головк.с буртиком (Передний глушитель)
SKODA KODIAQ 2017-2023 EUROPA | Cис.питания,выпуска,охлаждения | Передний глушитель | Передний глушитель 2;5Q0253144E;Кронштейн системы выпуска ОГ (Передний глушитель)
SKODA KODIAQ 2017-2023 EUROPA | Cис.питания,выпуска,охлаждения | Передний глушитель | Передний глушитель 2;4E0253147K;Фиксирующее кольцо (Передний глушитель)
SKODA KODIAQ 2017-2023 EUROPA | Cис.питания,выпуска,охлаждения | Передний глушитель | Передний глушитель 2;N 0195307;Винт с 6-гр.головк.с буртиком (Передний глушитель)
SKODA KODIAQ 2017-2023 EUROPA | Cис.питания,выпуска,охлаждения | Передний глушитель | Передний глушитель 2;4N0133246;Исп.э/дв. засл.сист.выпуска ОГ (Передний глушитель)
SKODA KODIAQ 2017-2023 EUROPA | Cис.питания,выпуска,охлаждения | Передний глушитель | Передний глушитель 2;N 10597201;Шестигранная гайка с буртиком, самоконтрящаяся (Передний глушитель)
SKODA KODIAQ 2017-2023 EUROPA | Cис.питания,выпуска,охлаждения | Передний глушитель с задним глушителем;565253181BC;Пром. труба с задним глушителем
SKODA KODIAQ 2017-2023 EUROPA | Cис.питания,выпуска,охлаждения | Передний глушитель с задним глушителем;5QF253209R;Передний глушитель
SKODA KODIAQ 2017-2023 EUROPA | Cис.питания,выпуска,охлаждения | Передний глушитель с задним глушителем;565253609B;Задний глушитель
SKODA KODIAQ 2017-2023 EUROPA | Cис.питания,выпуска,охлаждения | Передний глушитель с задним глушителем;1K0253141AA;Двойной хомут
SKODA KODIAQ 2017-2023 EUROPA | Cис.питания,выпуска,охлаждения | Передний глушитель с задним глушителем;1K0253141AA;Двойной хомут
SKODA KODIAQ 2017-2023 EUROPA | Cис.питания,выпуска,охлаждения | Передний глушитель с задним глушителем;5Q0253144AE;Кронштейн системы выпуска ОГ
SKODA KODIAQ 2017-2023 EUROPA | Cис.питания,выпуска,охлаждения | Передний глушитель с задним глушителем;1K0253147F;Фиксирующее кольцо
SKODA KODIAQ 2017-2023 EUROPA | Cис.питания,выпуска,охлаждения | Передний глушитель с задним глушителем;N 0195307;Винт с 6-гр.головк.с буртиком
SKODA KODIAQ 2017-2023 EUROPA | Cис.питания,выпуска,охлаждения | Передний глушитель с задним глушителем;5Q0253144D;Кронштейн системы выпуска ОГ
SKODA KODIAQ 2017-2023 EUROPA | Cис.питания,выпуска,охлаждения | Передний глушитель с задним глушителем;5Q0253147;Фиксирующее кольцо
SKODA KODIAQ 2017-2023 EUROPA | Cис.питания,выпуска,охлаждения | Передний глушитель с задним глушителем;N 0195307;Винт с 6-гр.головк.с буртиком
SKODA KODIAQ 2017-2023 EUROPA | Cис.питания,выпуска,охлаждения | Передний глушитель с задним глушителем;4N0133246;Исп.э/дв. засл.сист.выпуска ОГ
SKODA KODIAQ 2017-2023 EUROPA | Cис.питания,выпуска,охлаждения | Передний глушитель с задним глушителем;N 10597201;Шестигранная гайка с буртиком, самоконтрящаяся
SKODA KODIAQ 2017-2023 EUROPA | Cис.питания,выпуска,охлаждения | Пром. труба с задним глушителем | Пром. труба с задним глушителем 1;565253181AE;Пром. труба с задним глушителем
SKODA KODIAQ 2017-2023 EUROPA | Cис.питания,выпуска,охлаждения | Пром. труба с задним глушителем | Пром. труба с задним глушителем 1;565253181AJ;Промежуточная труба с задним глушителем и резонатором (Пром. труба с задним глушителем)
SKODA KODIAQ 2017-2023 EUROPA | Cис.питания,выпуска,охлаждения | Пром. труба с задним глушителем | Пром. труба с задним глушителем 1;565253181BA;Пром. труба с задним глушителем
SKODA KODIAQ 2017-2023 EUROPA | Cис.питания,выпуска,охлаждения | Пром. труба с задним глушителем | Пром. труба с задним глушителем 1;1K0253141S;Двойной хомут (Пром. труба с задним глушителем)
SKODA KODIAQ 2017-2023 EUROPA | Cис.питания,выпуска,охлаждения | Пром. труба с задним глушителем | Пром. труба с задним глушителем 1;5Q0253144AE;Кронштейн системы выпуска ОГ (Пром. труба с задним глушителем)
SKODA KODIAQ 2017-2023 EUROPA | Cис.питания,выпуска,охлаждения | Пром. труба с задним глушителем | Пром. труба с задним глушителем 1;1K0253147F;Фиксирующее кольцо (Пром. труба с задним глушителем)
SKODA KODIAQ 2017-2023 EUROPA | Cис.питания,выпуска,охлаждения | Пром. труба с задним глушителем | Пром. труба с задним глушителем 1;N 0195307;Винт с 6-гр.головк.с буртиком (Пром. труба с задним глушителем)
SKODA KODIAQ 2017-2023 EUROPA | Cис.питания,выпуска,охлаждения | Пром. труба с задним глушителем | Пром. труба с задним глушителем 1;5Q0253144E;Кронштейн системы выпуска ОГ (Пром. труба с задним глушителем)
SKODA KODIAQ 2017-2023 EUROPA | Cис.питания,выпуска,охлаждения | Пром. труба с задним глушителем | Пром. труба с задним глушителем 1;4E0253147K;Фиксирующее кольцо (Пром. труба с задним глушителем)
SKODA KODIAQ 2017-2023 EUROPA | Cис.питания,выпуска,охлаждения | Пром. труба с задним глушителем | Пром. труба с задним глушителем 1;N 0195307;Винт с 6-гр.головк.с буртиком (Пром. труба с задним глушителем)
SKODA KODIAQ 2017-2023 EUROPA | Cис.питания,выпуска,охлаждения | Пром. труба с задним глушителем | Пром. труба с задним глушителем 1;4N0133246;Исп.э/дв. засл.сист.выпуска ОГ (Пром. труба с задним глушителем)
SKODA KODIAQ 2017-2023 EUROPA | Cис.питания,выпуска,охлаждения | Пром. труба с задним глушителем | Пром. труба с задним глушителем 1;N 10597201;Шестигранная гайка с буртиком, самоконтрящаяся (Исп.э/дв. засл.сист.выпуска ОГ)
SKODA KODIAQ 2017-2023 EUROPA | Cис.питания,выпуска,охлаждения | Пром. труба с задним глушителем | Пром. труба с задним глушителем 2;565253181BE;Пром. труба с задним глушителем
SKODA KODIAQ 2017-2023 EUROPA | Cис.питания,выпуска,охлаждения | Пром. труба с задним глушителем | Пром. труба с задним глушителем 2;1K0253141T;Двойной хомут (Пром. труба с задним глушителем)
SKODA KODIAQ 2017-2023 EUROPA | Cис.питания,выпуска,охлаждения | Пром. труба с задним глушителем | Пром. труба с задним глушителем 2;5Q0253144AE;Кронштейн системы выпуска ОГ (Пром. труба с задним глушителем)
SKODA KODIAQ 2017-2023 EUROPA | Cис.питания,выпуска,охлаждения | Пром. труба с задним глушителем | Пром. труба с задним глушителем 2;1K0253147F;Фиксирующее кольцо (Пром. труба с задним глушителем)
SKODA KODIAQ 2017-2023 EUROPA | Cис.питания,выпуска,охлаждения | Пром. труба с задним глушителем | Пром. труба с задним глушителем 2;N 0195307;Винт с 6-гр.головк.с буртиком (Пром. труба с задним глушителем)
SKODA KODIAQ 2017-2023 EUROPA | Cис.питания,выпуска,охлаждения | Пром. труба с задним глушителем | Пром. труба с задним глушителем 2;5Q0253144D;Кронштейн системы выпуска ОГ (Пром. труба с задним глушителем)
SKODA KODIAQ 2017-2023 EUROPA | Cис.питания,выпуска,охлаждения | Пром. труба с задним глушителем | Пром. труба с задним глушителем 2;5Q0253147;Фиксирующее кольцо (Пром. труба с задним глушителем)
SKODA KODIAQ 2017-2023 EUROPA | Cис.питания,выпуска,охлаждения | Пром. труба с задним глушителем | Пром. труба с задним глушителем 2;N 0195307;Винт с 6-гр.головк.с буртиком (Пром. труба с задним глушителем)
SKODA KODIAQ 2017-2023 EUROPA | Cис.питания,выпуска,охлаждения | Пром. труба с задним глушителем | Пром. труба с задним глушителем 2;4N0133246;Исп.э/дв. засл.сист.выпуска ОГ (Пром. труба с задним глушителем)
SKODA KODIAQ 2017-2023 EUROPA | Cис.питания,выпуска,охлаждения | Пром. труба с задним глушителем | Пром. труба с задним глушителем 2;N 10597201;Шестигранная гайка с буртиком, самоконтрящаяся (Пром. труба с задним глушителем)
SKODA KODIAQ 2017-2023 EUROPA | Cис.питания,выпуска,охлаждения | Пром. труба с задним глушителем | Пром. труба с задним глушителем 3;565253181AH;Пром. труба с задним глушителем
SKODA KODIAQ 2017-2023 EUROPA | Cис.питания,выпуска,охлаждения | Пром. труба с задним глушителем | Пром. труба с задним глушителем 3;565253181BD;Пром. труба с задним глушителем
SKODA KODIAQ 2017-2023 EUROPA | Cис.питания,выпуска,охлаждения | Пром. труба с задним глушителем | Пром. труба с задним глушителем 3;565253181BP;Пром. труба с задним глушителем
SKODA KODIAQ 2017-2023 EUROPA | Cис.питания,выпуска,охлаждения | Пром. труба с задним глушителем | Пром. труба с задним глушителем 3;1K0253141T;Двойной хомут (Пром. труба с задним глушителем)
SKODA KODIAQ 2017-2023 EUROPA | Cис.питания,выпуска,охлаждения | Пром. труба с задним глушителем | Пром. труба с задним глушителем 3;1K0253141AA;Двойной хомут (Пром. труба с задним глушителем)
SKODA KODIAQ 2017-2023 EUROPA | Cис.питания,выпуска,охлаждения | Пром. труба с задним глушителем | Пром. труба с задним глушителем 3;5Q0253144AE;Кронштейн системы выпуска ОГ (Пром. труба с задним глушителем)
SKODA KODIAQ 2017-2023 EUROPA | Cис.питания,выпуска,охлаждения | Пром. труба с задним глушителем | Пром. труба с задним глушителем 3;1K0253147F;Фиксирующее кольцо (Пром. труба с задним глушителем)
SKODA KODIAQ 2017-2023 EUROPA | Cис.питания,выпуска,охлаждения | Пром. труба с задним глушителем | Пром. труба с задним глушителем 3;N 0195307;Винт с 6-гр.головк.с буртиком (Пром. труба с задним глушителем)
SKODA KODIAQ 2017-2023 EUROPA | Cис.питания,выпуска,охлаждения | Пром. труба с задним глушителем | Пром. труба с задним глушителем 3;5Q0253144E;Кронштейн системы выпуска ОГ (Пром. труба с задним глушителем)
SKODA KODIAQ 2017-2023 EUROPA | Cис.питания,выпуска,охлаждения | Пром. труба с задним глушителем | Пром. труба с задним глушителем 3;5Q0253144D;Кронштейн системы выпуска ОГ (Пром. труба с задним глушителем)
SKODA KODIAQ 2017-2023 EUROPA | Cис.питания,выпуска,охлаждения | Пром. труба с задним глушителем | Пром. труба с задним глушителем 3;4E0253147K;Фиксирующее кольцо (Пром. труба с задним глушителем)
SKODA KODIAQ 2017-2023 EUROPA | Cис.питания,выпуска,охлаждения | Пром. труба с задним глушителем | Пром. труба с задним глушителем 3;5Q0253147;Фиксирующее кольцо (Пром. труба с задним глушителем)
SKODA KODIAQ 2017-2023 EUROPA | Cис.питания,выпуска,охлаждения | Пром. труба с задним глушителем | Пром. труба с задним глушителем 3;N 0195307;Винт с 6-гр.головк.с буртиком (Пром. труба с задним глушителем)
SKODA KODIAQ 2017-2023 EUROPA | Cис.питания,выпуска,охлаждения | Пром. труба с задним глушителем | Пром. труба с задним глушителем 4;565253181BK;Пром. труба с задним глушителем
SKODA KODIAQ 2017-2023 EUROPA | Cис.питания,выпуска,охлаждения | Пром. труба с задним глушителем | Пром. труба с задним глушителем 4;1K0253141AA;Двойной хомут (Пром. труба с задним глушителем)
SKODA KODIAQ 2017-2023 EUROPA | Cис.питания,выпуска,охлаждения | Пром. труба с задним глушителем | Пром. труба с задним глушителем 4;5Q0253144AE;Кронштейн системы выпуска ОГ (Пром. труба с задним глушителем)
SKODA KODIAQ 2017-2023 EUROPA | Cис.питания,выпуска,охлаждения | Пром. труба с задним глушителем | Пром. труба с задним глушителем 4;1K0253147F;Фиксирующее кольцо (Пром. труба с задним глушителем)
SKODA KODIAQ 2017-2023 EUROPA | Cис.питания,выпуска,охлаждения | Пром. труба с задним глушителем | Пром. труба с задним глушителем 4;N 0195307;Винт с 6-гр.головк.с буртиком (Пром. труба с задним глушителем)
SKODA KODIAQ 2017-2023 EUROPA | Cис.питания,выпуска,охлаждения | Пром. труба с задним глушителем | Пром. труба с задним глушителем 4;5Q0253144D;Кронштейн системы выпуска ОГ (Пром. труба с задним глушителем)
SKODA KODIAQ 2017-2023 EUROPA | Cис.питания,выпуска,охлаждения | Пром. труба с задним глушителем | Пром. труба с задним глушителем 4;5Q0253147;Фиксирующее кольцо (Пром. труба с задним глушителем)
SKODA KODIAQ 2017-2023 EUROPA | Cис.питания,выпуска,охлаждения | Пром. труба с задним глушителем | Пром. труба с задним глушителем 4;N 0195307;Винт с 6-гр.головк.с буртиком (Пром. труба с задним глушителем)
SKODA KODIAQ 2017-2023 EUROPA | Cис.питания,выпуска,охлаждения | Пром. труба с задним глушителем | Пром. труба с задним глушителем 5;565253181BK;Пром. труба с задним глушителем
SKODA KODIAQ 2017-2023 EUROPA | Cис.питания,выпуска,охлаждения | Пром. труба с задним глушителем | Пром. труба с задним глушителем 5;1K0253141AA;Двойной хомут (Пром. труба с задним глушителем)
SKODA KODIAQ 2017-2023 EUROPA | Cис.питания,выпуска,охлаждения | Пром. труба с задним глушителем | Пром. труба с задним глушителем 5;5Q0253144AE;Кронштейн системы выпуска ОГ (Пром. труба с задним глушителем)
SKODA KODIAQ 2017-2023 EUROPA | Cис.питания,выпуска,охлаждения | Пром. труба с задним глушителем | Пром. труба с задним глушителем 5;1K0253147F;Фиксирующее кольцо (Пром. труба с задним глушителем)
SKODA KODIAQ 2017-2023 EUROPA | Cис.питания,выпуска,охлаждения | Пром. труба с задним глушителем | Пром. труба с задним глушителем 5;N 0195307;Винт с 6-гр.головк.с буртиком (Пром. труба с задним глушителем)
SKODA KODIAQ 2017-2023 EUROPA | Cис.питания,выпуска,охлаждения | Пром. труба с задним глушителем | Пром. труба с задним глушителем 5;5Q0253144D;Кронштейн системы выпуска ОГ (Пром. труба с задним глушителем)
SKODA KODIAQ 2017-2023 EUROPA | Cис.питания,выпуска,охлаждения | Пром. труба с задним глушителем | Пром. труба с задним глушителем 5;5Q0253147;Фиксирующее кольцо (Пром. труба с задним глушителем)
SKODA KODIAQ 2017-2023 EUROPA | Cис.питания,выпуска,охлаждения | Пром. труба с задним глушителем | Пром. труба с задним глушителем 5;N 0195307;Винт с 6-гр.головк.с буртиком (Пром. труба с задним глушителем)
SKODA KODIAQ 2017-2023 EUROPA | Cис.питания,выпуска,охлаждения | Пром. труба с задним глушителем | Пром. труба с задним глушителем 6;565253181BM;Пром. труба с задним глушителем
SKODA KODIAQ 2017-2023 EUROPA | Cис.питания,выпуска,охлаждения | Пром. труба с задним глушителем | Пром. труба с задним глушителем 6;1K0253141AA;Двойной хомут (Пром. труба с задним глушителем)
SKODA KODIAQ 2017-2023 EUROPA | Cис.питания,выпуска,охлаждения | Пром. труба с задним глушителем | Пром. труба с задним глушителем 6;5Q0253144AE;Кронштейн системы выпуска ОГ (Пром. труба с задним глушителем)
SKODA KODIAQ 2017-2023 EUROPA | Cис.питания,выпуска,охлаждения | Пром. труба с задним глушителем | Пром. труба с задним глушителем 6;1K0253147F;Фиксирующее кольцо (Пром. труба с задним глушителем)
SKODA KODIAQ 2017-2023 EUROPA | Cис.питания,выпуска,охлаждения | Пром. труба с задним глушителем | Пром. труба с задним глушителем 6;N 0195307;Винт с 6-гр.головк.с буртиком (Пром. труба с задним глушителем)
SKODA KODIAQ 2017-2023 EUROPA | Cис.питания,выпуска,охлаждения | Пром. труба с задним глушителем | Пром. труба с задним глушителем 6;5Q0253144D;Кронштейн системы выпуска ОГ (Пром. труба с задним глушителем)
SKODA KODIAQ 2017-2023 EUROPA | Cис.питания,выпуска,охлаждения | Пром. труба с задним глушителем | Пром. труба с задним глушителем 6;5Q0253147;Фиксирующее кольцо (Пром. труба с задним глушителем)
SKODA KODIAQ 2017-2023 EUROPA | Cис.питания,выпуска,охлаждения | Пром. труба с задним глушителем | Пром. труба с задним глушителем 6;N 0195307;Винт с 6-гр.головк.с буртиком (Пром. труба с задним глушителем)
SKODA KODIAQ 2017-2023 EUROPA | Cис.питания,выпуска,охлаждения | Пром. труба с задним глушителем | Пром. труба с задним глушителем 6;565253681E;К.с.труб.Зд.глуш.д.спорт.спойл (Пром. труба с задним глушителем)
SKODA KODIAQ 2017-2023 EUROPA | Cис.питания,выпуска,охлаждения | Пром. труба с задним глушителем | Пром. труба с задним глушителем 6;565253682D;К.с.труб.Зд.глуш.д.спорт.спойл (Пром. труба с задним глушителем)
SKODA KODIAQ 2017-2023 EUROPA | Cис.питания,выпуска,охлаждения | Пром. труба с задним глушителем | Пром. труба с задним глушителем 6;565253903B;Исполнит. механизм симпозера (Пром. труба с задним глушителем)
SKODA KODIAQ 2017-2023 EUROPA | Cис.питания,выпуска,охлаждения | Пром. труба с задним глушителем | Пром. труба с задним глушителем 6;565253049B;Ходовой винт (Пром. труба с задним глушителем)
SKODA KODIAQ 2017-2023 EUROPA | Cис.питания,выпуска,охлаждения | Пром. труба с задним глушителем | Пром. труба с задним глушителем 6;565253099A;Ходовой винт (Пром. труба с задним глушителем)
SKODA KODIAQ 2017-2023 EUROPA | Cис.питания,выпуска,охлаждения | Пром. труба с задним глушителем | Пром. труба с задним глушителем 6;N 90590803;Подкладная шайба (Пром. труба с задним глушителем)
SKODA KODIAQ 2017-2023 EUROPA | Cис.питания,выпуска,охлаждения | Пром. труба с задним глушителем | Пром. труба с задним глушителем 6;N 10655402;Винт с 6-гр.головк.с буртиком (Пром. труба с задним глушителем)
SKODA KODIAQ 2017-2023 EUROPA | Cис.питания,выпуска,охлаждения | Пром. труба с задним глушителем | Пром. труба с задним глушителем 6;N 10205802;Шестигранная гайка с буртиком, самоконтрящаяся (Пром. труба с задним глушителем)
SKODA KODIAQ 2017-2023 EUROPA | Cис.питания,выпуска,охлаждения | Пром. труба с задним глушителем | Пром. труба с задним глушителем 6;N 90942804;Винт с 6-гр.головк.с буртиком (Пром. труба с задним глушителем)
SKODA KODIAQ 2017-2023 EUROPA | Cис.питания,выпуска,охлаждения | Пром. труба с задним глушителем | Пром. труба с задним глушителем 6;N 10668401;Винт с шестигранной головкой (Пром. труба с задним глушителем)
SKODA KODIAQ 2017-2023 EUROPA | Cис.питания,выпуска,охлаждения | Пром. труба с задним глушителем | Пром. труба с задним глушителем 6;N 90974701;Винт самонарез. с внутр. TORX (Пром. труба с задним глушителем)
SKODA KODIAQ 2017-2023 EUROPA | Cис.питания,выпуска,охлаждения | Пром. труба с задним глушителем | Пром. труба с задним глушителем 6;N 90959101;Пластинчатая гайка (Ходовой винт)
SKODA KODIAQ 2017-2023 EUROPA | Cис.питания,выпуска,охлаждения | Пром. труба с задним глушителем | Пром. труба с задним глушителем 7;565253181AG;Пром. труба с задним глушителем
SKODA KODIAQ 2017-2023 EUROPA | Cис.питания,выпуска,охлаждения | Пром. труба с задним глушителем | Пром. труба с задним глушителем 7;1K0253141S;Двойной хомут (Пром. труба с задним глушителем)
SKODA KODIAQ 2017-2023 EUROPA | Cис.питания,выпуска,охлаждения | Пром. труба с задним глушителем | Пром. труба с задним глушителем 7;5Q0253144AD;Кронштейн системы выпуска ОГ (Пром. труба с задним глушителем)
SKODA KODIAQ 2017-2023 EUROPA | Cис.питания,выпуска,охлаждения | Пром. труба с задним глушителем | Пром. труба с задним глушителем 7;1K0253147E;Фиксирующее кольцо (Пром. труба с задним глушителем)
SKODA KODIAQ 2017-2023 EUROPA | Cис.питания,выпуска,охлаждения | Пром. труба с задним глушителем | Пром. труба с задним глушителем 7;N 0195307;Винт с 6-гр.головк.с буртиком (Пром. труба с задним глушителем)
SKODA KODIAQ 2017-2023 EUROPA | Cис.питания,выпуска,охлаждения | Пром. труба с задним глушителем | Пром. труба с задним глушителем 7;5Q0253144D;Кронштейн системы выпуска ОГ (Пром. труба с задним глушителем)
SKODA KODIAQ 2017-2023 EUROPA | Cис.питания,выпуска,охлаждения | Пром. труба с задним глушителем | Пром. труба с задним глушителем 7;5Q0253147;Фиксирующее кольцо (Пром. труба с задним глушителем)
SKODA KODIAQ 2017-2023 EUROPA | Cис.питания,выпуска,охлаждения | Пром. труба с задним глушителем | Пром. труба с задним глушителем 7;N 0195307;Винт с 6-гр.головк.с буртиком (Пром. труба с задним глушителем)
SKODA KODIAQ 2017-2023 EUROPA | Cис.питания,выпуска,охлаждения | Пром. труба с задним глушителем | Пром. труба с задним глушителем 7;5Q0253144M;Кронштейн системы выпуска ОГ (Пром. труба с задним глушителем)
SKODA KODIAQ 2017-2023 EUROPA | Cис.питания,выпуска,охлаждения | Пром. труба с задним глушителем | Пром. труба с задним глушителем 7;5Q0253147;Фиксирующее кольцо (Пром. труба с задним глушителем)
SKODA KODIAQ 2017-2023 EUROPA | Cис.питания,выпуска,охлаждения | Пром. труба с задним глушителем | Пром. труба с задним глушителем 7;N 0195307;Винт с 6-гр.головк.с буртиком (Пром. труба с задним глушителем)
SKODA KODIAQ 2017-2023 EUROPA | Cис.питания,выпуска,охлаждения | Пром. труба с задним глушителем | Пром. труба с задним глушителем 8;565253181AB;Пром. труба с задним глушителем
SKODA KODIAQ 2017-2023 EUROPA | Cис.питания,выпуска,охлаждения | Пром. труба с задним глушителем | Пром. труба с задним глушителем 8;1K0253141S;Двойной хомут (Пром. труба с задним глушителем)
SKODA KODIAQ 2017-2023 EUROPA | Cис.питания,выпуска,охлаждения | Пром. труба с задним глушителем | Пром. труба с задним глушителем 8;5Q0253144AD;Кронштейн системы выпуска ОГ (Пром. труба с задним глушителем)
SKODA KODIAQ 2017-2023 EUROPA | Cис.питания,выпуска,охлаждения | Пром. труба с задним глушителем | Пром. труба с задним глушителем 8;1K0253147E;Фиксирующее кольцо (Пром. труба с задним глушителем)
SKODA KODIAQ 2017-2023 EUROPA | Cис.питания,выпуска,охлаждения | Пром. труба с задним глушителем | Пром. труба с задним глушителем 8;N 0195307;Винт с 6-гр.головк.с буртиком (Пром. труба с задним глушителем)
SKODA KODIAQ 2017-2023 EUROPA | Cис.питания,выпуска,охлаждения | Пром. труба с задним глушителем | Пром. труба с задним глушителем 8;5Q0253144D;Кронштейн системы выпуска ОГ (Пром. труба с задним глушителем)
SKODA KODIAQ 2017-2023 EUROPA | Cис.питания,выпуска,охлаждения | Пром. труба с задним глушителем | Пром. труба с задним глушителем 8;5Q0253147;Фиксирующее кольцо (Пром. труба с задним глушителем)
SKODA KODIAQ 2017-2023 EUROPA | Cис.питания,выпуска,охлаждения | Пром. труба с задним глушителем | Пром. труба с задним глушителем 8;N 0195307;Винт с 6-гр.головк.с буртиком (Пром. труба с задним глушителем)
SKODA KODIAQ 2017-2023 EUROPA | Cис.питания,выпуска,охлаждения | Пром. труба с задним глушителем | Пром. труба с задним глушителем 8;5Q0253144M;Кронштейн системы выпуска ОГ (Пром. труба с задним глушителем)
SKODA KODIAQ 2017-2023 EUROPA | Cис.питания,выпуска,охлаждения | Пром. труба с задним глушителем | Пром. труба с задним глушителем 8;5Q0253147;Фиксирующее кольцо (Пром. труба с задним глушителем)
SKODA KODIAQ 2017-2023 EUROPA | Cис.питания,выпуска,охлаждения | Пром. труба с задним глушителем | Пром. труба с задним глушителем 8;N 0195307;Винт с 6-гр.головк.с буртиком (Пром. труба с задним глушителем)
SKODA KODIAQ 2017-2023 EUROPA | Cис.питания,выпуска,охлаждения | Пром. труба с задним глушителем | Пром. труба с задним глушителем 9;565253181P;Пром. труба с задним глушителем
SKODA KODIAQ 2017-2023 EUROPA | Cис.питания,выпуска,охлаждения | Пром. труба с задним глушителем | Пром. труба с задним глушителем 9;1K0253141S;Двойной хомут (Пром. труба с задним глушителем)
SKODA KODIAQ 2017-2023 EUROPA | Cис.питания,выпуска,охлаждения | Пром. труба с задним глушителем | Пром. труба с задним глушителем 9;5Q0253144AD;Кронштейн системы выпуска ОГ (Пром. труба с задним глушителем)
SKODA KODIAQ 2017-2023 EUROPA | Cис.питания,выпуска,охлаждения | Пром. труба с задним глушителем | Пром. труба с задним глушителем 9;1K0253147E;Фиксирующее кольцо (Пром. труба с задним глушителем)
SKODA KODIAQ 2017-2023 EUROPA | Cис.питания,выпуска,охлаждения | Пром. труба с задним глушителем | Пром. труба с задним глушителем 9;N 0195307;Винт с 6-гр.головк.с буртиком (Пром. труба с задним глушителем)
SKODA KODIAQ 2017-2023 EUROPA | Cис.питания,выпуска,охлаждения | Пром. труба с задним глушителем | Пром. труба с задним глушителем 9;5Q0253144D;Кронштейн системы выпуска ОГ (Пром. труба с задним глушителем)
SKODA KODIAQ 2017-2023 EUROPA | Cис.питания,выпуска,охлаждения | Пром. труба с задним глушителем | Пром. труба с задним глушителем 9;5Q0253147;Фиксирующее кольцо (Пром. труба с задним глушителем)
SKODA KODIAQ 2017-2023 EUROPA | Cис.питания,выпуска,охлаждения | Пром. труба с задним глушителем | Пром. труба с задним глушителем 9;N 0195307;Винт с 6-гр.головк.с буртиком (Пром. труба с задним глушителем)
SKODA KODIAQ 2017-2023 EUROPA | Cис.питания,выпуска,охлаждения | Пром. труба с задним глушителем | Пром. труба с задним глушителем 9;5Q0253144M;Кронштейн системы выпуска ОГ (Пром. труба с задним глушителем)
SKODA KODIAQ 2017-2023 EUROPA | Cис.питания,выпуска,охлаждения | Пром. труба с задним глушителем | Пром. труба с задним глушителем 9;5Q0253147;Фиксирующее кольцо (Пром. труба с задним глушителем)
SKODA KODIAQ 2017-2023 EUROPA | Cис.питания,выпуска,охлаждения | Пром. труба с задним глушителем | Пром. труба с задним глушителем 9;N 0195307;Винт с 6-гр.головк.с буртиком (Пром. труба с задним глушителем)
SKODA KODIAQ 2017-2023 EUROPA | Cис.питания,выпуска,охлаждения | Пром. труба с задним глушителем | Пром. труба с задним глушителем 10;565253181P;Пром. труба с задним глушителем
SKODA KODIAQ 2017-2023 EUROPA | Cис.питания,выпуска,охлаждения | Пром. труба с задним глушителем | Пром. труба с задним глушителем 10;1K0253141S;Двойной хомут (Пром. труба с задним глушителем)
SKODA KODIAQ 2017-2023 EUROPA | Cис.питания,выпуска,охлаждения | Пром. труба с задним глушителем | Пром. труба с задним глушителем 10;5Q0253144AD;Кронштейн системы выпуска ОГ (Пром. труба с задним глушителем)
SKODA KODIAQ 2017-2023 EUROPA | Cис.питания,выпуска,охлаждения | Пром. труба с задним глушителем | Пром. труба с задним глушителем 10;1K0253147E;Фиксирующее кольцо (Пром. труба с задним глушителем)
SKODA KODIAQ 2017-2023 EUROPA | Cис.питания,выпуска,охлаждения | Пром. труба с задним глушителем | Пром. труба с задним глушителем 10;N 0195307;Винт с 6-гр.головк.с буртиком (Пром. труба с задним глушителем)
SKODA KODIAQ 2017-2023 EUROPA | Cис.питания,выпуска,охлаждения | Пром. труба с задним глушителем | Пром. труба с задним глушителем 10;5Q0253144D;Кронштейн системы выпуска ОГ (Пром. труба с задним глушителем)
SKODA KODIAQ 2017-2023 EUROPA | Cис.питания,выпуска,охлаждения | Пром. труба с задним глушителем | Пром. труба с задним глушителем 10;5Q0253147;Фиксирующее кольцо (Пром. труба с задним глушителем)
SKODA KODIAQ 2017-2023 EUROPA | Cис.питания,выпуска,охлаждения | Пром. труба с задним глушителем | Пром. труба с задним глушителем 10;N 0195307;Винт с 6-гр.головк.с буртиком (Пром. труба с задним глушителем)
SKODA KODIAQ 2017-2023 EUROPA | Cис.питания,выпуска,охлаждения | Пром. труба с задним глушителем | Пром. труба с задним глушителем 10;5Q0253144M;Кронштейн системы выпуска ОГ (Пром. труба с задним глушителем)
SKODA KODIAQ 2017-2023 EUROPA | Cис.питания,выпуска,охлаждения | Пром. труба с задним глушителем | Пром. труба с задним глушителем 10;5Q0253147;Фиксирующее кольцо (Пром. труба с задним глушителем)
SKODA KODIAQ 2017-2023 EUROPA | Cис.питания,выпуска,охлаждения | Пром. труба с задним глушителем | Пром. труба с задним глушителем 10;N 0195307;Винт с 6-гр.головк.с буртиком (Пром. труба с задним глушителем)
SKODA KODIAQ 2017-2023 EUROPA | Cис.питания,выпуска,охлаждения | Пром. труба с задним глушителем | Пром. труба с задним глушителем 11;565253181AC;Пром. труба с задним глушителем
SKODA KODIAQ 2017-2023 EUROPA | Cис.питания,выпуска,охлаждения | Пром. труба с задним глушителем | Пром. труба с задним глушителем 11;1K0253141AA;Двойной хомут (Пром. труба с задним глушителем)
SKODA KODIAQ 2017-2023 EUROPA | Cис.питания,выпуска,охлаждения | Пром. труба с задним глушителем | Пром. труба с задним глушителем 11;5Q0253144AD;Кронштейн системы выпуска ОГ (Пром. труба с задним глушителем)
SKODA KODIAQ 2017-2023 EUROPA | Cис.питания,выпуска,охлаждения | Пром. труба с задним глушителем | Пром. труба с задним глушителем 11;1K0253147E;Фиксирующее кольцо (Пром. труба с задним глушителем)
SKODA KODIAQ 2017-2023 EUROPA | Cис.питания,выпуска,охлаждения | Пром. труба с задним глушителем | Пром. труба с задним глушителем 11;N 0195307;Винт с 6-гр.головк.с буртиком (Пром. труба с задним глушителем)
SKODA KODIAQ 2017-2023 EUROPA | Cис.питания,выпуска,охлаждения | Пром. труба с задним глушителем | Пром. труба с задним глушителем 11;5Q0253144D;Кронштейн системы выпуска ОГ (Пром. труба с задним глушителем)
SKODA KODIAQ 2017-2023 EUROPA | Cис.питания,выпуска,охлаждения | Пром. труба с задним глушителем | Пром. труба с задним глушителем 11;5Q0253147;Фиксирующее кольцо (Пром. труба с задним глушителем)
SKODA KODIAQ 2017-2023 EUROPA | Cис.питания,выпуска,охлаждения | Пром. труба с задним глушителем | Пром. труба с задним глушителем 11;N 0195307;Винт с 6-гр.головк.с буртиком (Пром. труба с задним глушителем)
SKODA KODIAQ 2017-2023 EUROPA | Cис.питания,выпуска,охлаждения | Пром. труба с задним глушителем | Пром. труба с задним глушителем 11;5Q0253144M;Кронштейн системы выпуска ОГ (Пром. труба с задним глушителем)
SKODA KODIAQ 2017-2023 EUROPA | Cис.питания,выпуска,охлаждения | Пром. труба с задним глушителем | Пром. труба с задним глушителем 11;5Q0253147;Фиксирующее кольцо (Пром. труба с задним глушителем)
SKODA KODIAQ 2017-2023 EUROPA | Cис.питания,выпуска,охлаждения | Пром. труба с задним глушителем | Пром. труба с задним глушителем 11;N 0195307;Винт с 6-гр.головк.с буртиком (Пром. труба с задним глушителем)
SKODA KODIAQ 2017-2023 EUROPA | Cис.питания,выпуска,охлаждения | Пром. труба с задним глушителем | Пром. труба с задним глушителем 12;565253181BF;Пром. труба с задним глушителем
SKODA KODIAQ 2017-2023 EUROPA | Cис.питания,выпуска,охлаждения | Пром. труба с задним глушителем | Пром. труба с задним глушителем 12;565253181BJ;Пром. труба с задним глушителем
SKODA KODIAQ 2017-2023 EUROPA | Cис.питания,выпуска,охлаждения | Пром. труба с задним глушителем | Пром. труба с задним глушителем 12;5Q0253692B;Ремкомплект (Пром. труба с задним глушителем)
SKODA KODIAQ 2017-2023 EUROPA | Cис.питания,выпуска,охлаждения | Пром. труба с задним глушителем | Пром. труба с задним глушителем 12;5Q0253692C;Ремкомплект (Пром. труба с задним глушителем)
SKODA KODIAQ 2017-2023 EUROPA | Cис.питания,выпуска,охлаждения | Пром. труба с задним глушителем | Пром. труба с задним глушителем 12;1K0253141S;Двойной хомут (Пром. труба с задним глушителем)
SKODA KODIAQ 2017-2023 EUROPA | Cис.питания,выпуска,охлаждения | Пром. труба с задним глушителем | Пром. труба с задним глушителем 12;1K0253141AA;Двойной хомут (Пром. труба с задним глушителем)
SKODA KODIAQ 2017-2023 EUROPA | Cис.питания,выпуска,охлаждения | Пром. труба с задним глушителем | Пром. труба с задним глушителем 12;5Q0253144AD;Кронштейн системы выпуска ОГ (Пром. труба с задним глушителем)
SKODA KODIAQ 2017-2023 EUROPA | Cис.питания,выпуска,охлаждения | Пром. труба с задним глушителем | Пром. труба с задним глушителем 12;1K0253147E;Фиксирующее кольцо (Пром. труба с задним глушителем)
SKODA KODIAQ 2017-2023 EUROPA | Cис.питания,выпуска,охлаждения | Пром. труба с задним глушителем | Пром. труба с задним глушителем 12;N 0195307;Винт с 6-гр.головк.с буртиком (Пром. труба с задним глушителем)
SKODA KODIAQ 2017-2023 EUROPA | Cис.питания,выпуска,охлаждения | Пром. труба с задним глушителем | Пром. труба с задним глушителем 12;5Q0253144D;Кронштейн системы выпуска ОГ (Пром. труба с задним глушителем)
SKODA KODIAQ 2017-2023 EUROPA | Cис.питания,выпуска,охлаждения | Пром. труба с задним глушителем | Пром. труба с задним глушителем 12;5Q0253147;Фиксирующее кольцо (Пром. труба с задним глушителем)
SKODA KODIAQ 2017-2023 EUROPA | Cис.питания,выпуска,охлаждения | Пром. труба с задним глушителем | Пром. труба с задним глушителем 12;N 0195307;Винт с 6-гр.головк.с буртиком (Пром. труба с задним глушителем)
SKODA KODIAQ 2017-2023 EUROPA | Cис.питания,выпуска,охлаждения | Пром. труба с задним глушителем | Пром. труба с задним глушителем 12;5Q0253144M;Кронштейн системы выпуска ОГ (Пром. труба с задним глушителем)
SKODA KODIAQ 2017-2023 EUROPA | Cис.питания,выпуска,охлаждения | Пром. труба с задним глушителем | Пром. труба с задним глушителем 12;5Q0253147;Фиксирующее кольцо (Пром. труба с задним глушителем)
SKODA KODIAQ 2017-2023 EUROPA | Cис.питания,выпуска,охлаждения | Пром. труба с задним глушителем | Пром. труба с задним глушителем 12;N 0195307;Винт с 6-гр.головк.с буртиком (Пром. труба с задним глушителем)
